village_id,lat,lon,date,type,rain_3h_at_failure,rain_24h_at_failure,soil_moisture_at_failure,slope_deg
VIL_UTK_01,31.03668,78.73568,2023-07-25 21:00:00,debris_flow,141.62,254.31,1.0,44.33
VIL_UTK_01,31.0379,78.73791,2020-08-08 20:00:00,debris_flow,137.24,226.24,1.0,44.33
VIL_UTK_01,31.03593,78.74073,2019-07-31 21:00:00,debris_flow,129.85,203.63,1.0,44.33
VIL_UTK_01,31.02969,78.74087,2022-08-03 20:00:00,debris_flow,134.21,182.88,1.0,44.33
VIL_UTK_01,31.03501,78.73704,2021-08-13 20:00:00,debris_flow,129.77,177.07,1.0,44.33
VIL_UTK_01,31.04131,78.73707,2019-08-15 20:00:00,debris_flow,136.82,143.08,1.0,44.33
VIL_UTK_01,31.04109,78.74166,2022-07-06 18:00:00,debris_flow,118.63,139.8,1.0,44.33
VIL_UTK_01,31.03798,78.73988,2020-07-29 16:00:00,debris_flow,93.56,168.14,1.0,44.33
VIL_UTK_01,31.03526,78.7391,2022-07-01 19:00:00,debris_flow,107.12,127.38,1.0,44.33
VIL_UTK_01,31.03818,78.7398,2022-07-28 09:00:00,debris_flow,77.31,181.45,1.0,44.33
VIL_UTK_01,31.03583,78.7392,2022-07-30 20:00:00,debris_flow,81.87,161.05,1.0,44.33
VIL_UTK_01,31.03432,78.73849,2021-07-03 21:00:00,debris_flow,62.28,187.37,1.0,44.33
VIL_UTK_01,31.0365,78.73811,2022-07-25 16:00:00,debris_flow,69.97,166.58,1.0,44.33
VIL_UTK_01,31.04107,78.73656,2021-08-07 18:00:00,rockfall,48.85,174.51,1.0,44.33
VIL_UTK_01,31.03689,78.74113,2020-07-14 06:00:00,rockfall,49.11,173.32,1.0,44.33
VIL_UTK_02,31.05165,78.75244,2021-07-07 20:00:00,debris_flow,127.89,282.22,1.0,37.84
VIL_UTK_02,31.048,78.75553,2022-07-27 21:00:00,debris_flow,142.48,237.84,1.0,37.84
VIL_UTK_02,31.05007,78.74997,2019-08-03 19:00:00,debris_flow,143.64,228.17,1.0,37.84
VIL_UTK_02,31.0394,78.74916,2020-08-01 21:00:00,debris_flow,146.39,209.3,1.0,37.84
VIL_UTK_02,31.04641,78.74951,2022-08-20 20:00:00,debris_flow,138.01,206.62,1.0,37.84
VIL_UTK_02,31.04343,78.75285,2023-08-15 17:00:00,debris_flow,128.67,160.42,1.0,37.84
VIL_UTK_02,31.04307,78.74302,2022-07-22 08:00:00,debris_flow,105.98,179.87,1.0,37.84
VIL_UTK_02,31.04367,78.74596,2019-07-23 15:00:00,debris_flow,80.8,199.08,1.0,37.84
VIL_UTK_02,31.04712,78.75422,2023-07-29 04:00:00,debris_flow,63.39,224.11,1.0,37.84
VIL_UTK_02,31.04784,78.74702,2022-07-15 22:00:00,shallow_translational,54.5,232.82,1.0,37.84
VIL_UTK_02,31.04522,78.75484,2022-08-13 13:00:00,debris_flow,87.39,163.28,1.0,37.84
VIL_UTK_02,31.04322,78.75143,2021-07-30 11:00:00,debris_flow,62.34,208.33,1.0,37.84
VIL_UTK_02,31.04192,78.75476,2019-07-09 04:00:00,debris_flow,73.31,162.46,1.0,37.84
VIL_UTK_02,31.04545,78.75567,2023-08-04 02:00:00,debris_flow,78.71,142.14,1.0,37.84
VIL_UTK_02,31.03924,78.75066,2021-07-10 16:00:00,debris_flow,71.42,150.86,1.0,37.84
VIL_UTK_03,31.02771,78.74574,2023-07-11 18:00:00,debris_flow,139.99,247.05,1.0,44.68
VIL_UTK_03,31.02828,78.74519,2023-07-08 20:00:00,debris_flow,121.42,233.52,1.0,44.68
VIL_UTK_03,31.02974,78.74876,2022-07-11 21:00:00,debris_flow,134.4,193.74,1.0,44.68
VIL_UTK_03,31.03035,78.74791,2021-07-08 20:00:00,debris_flow,136.0,184.92,1.0,44.68
VIL_UTK_03,31.03174,78.74847,2021-08-21 21:00:00,debris_flow,133.68,185.18,1.0,44.68
VIL_UTK_03,31.0372,78.74553,2019-07-30 14:00:00,debris_flow,94.46,227.48,1.0,44.68
VIL_UTK_03,31.03144,78.7401,2020-08-20 18:00:00,debris_flow,120.04,150.15,1.0,44.68
VIL_UTK_03,31.02385,78.74541,2019-08-08 20:00:00,debris_flow,120.55,135.66,1.0,44.68
VIL_UTK_03,31.02865,78.74357,2019-07-24 21:00:00,debris_flow,63.47,225.96,1.0,44.68
VIL_UTK_03,31.0249,78.74107,2019-08-13 04:00:00,debris_flow,65.53,206.76,1.0,44.68
VIL_UTK_03,31.03281,78.74419,2021-07-30 18:00:00,debris_flow,78.07,169.97,1.0,44.68
VIL_UTK_03,31.03124,78.74348,2019-08-02 06:00:00,rockfall,52.6,208.07,1.0,44.68
VIL_UTK_03,31.03315,78.74482,2023-07-22 19:00:00,rockfall,55.45,195.76,1.0,44.68
VIL_UTK_03,31.03204,78.74548,2021-08-07 02:00:00,rockfall,49.56,202.73,1.0,44.68
VIL_UTK_03,31.02856,78.74345,2020-07-20 23:00:00,debris_flow,70.3,149.06,1.0,44.68
VIL_UTK_04,31.03083,78.71149,2023-08-06 21:00:00,debris_flow,149.31,193.61,1.0,36.33
VIL_UTK_04,31.02459,78.70613,2022-07-31 16:00:00,debris_flow,145.99,198.53,1.0,36.33
VIL_UTK_04,31.02183,78.7045,2021-08-19 20:00:00,debris_flow,125.08,215.21,1.0,36.33
VIL_UTK_04,31.02163,78.70392,2022-08-06 19:00:00,debris_flow,125.26,200.78,1.0,36.33
VIL_UTK_04,31.0211,78.70816,2023-07-31 09:00:00,debris_flow,99.66,222.91,0.9797000288963318,36.33
VIL_UTK_04,31.02282,78.70504,2020-07-28 17:00:00,debris_flow,126.41,167.1,1.0,36.33
VIL_UTK_04,31.01858,78.70848,2019-07-31 21:00:00,debris_flow,120.51,151.14,1.0,36.33
VIL_UTK_04,31.02122,78.70933,2019-07-26 22:00:00,shallow_translational,55.42,281.15,1.0,36.33
VIL_UTK_04,31.02491,78.70722,2023-07-27 18:00:00,debris_flow,68.53,206.11,1.0,36.33
VIL_UTK_04,31.0273,78.70569,2022-07-17 20:00:00,debris_flow,85.54,166.24,1.0,36.33
VIL_UTK_04,31.02343,78.70607,2020-07-21 12:00:00,debris_flow,74.16,184.7,1.0,36.33
VIL_UTK_04,31.0258,78.70514,2023-07-19 15:00:00,shallow_translational,58.85,215.26,1.0,36.33
VIL_UTK_04,31.02126,78.70893,2020-07-14 14:00:00,debris_flow,81.62,156.38,1.0,36.33
VIL_UTK_04,31.03169,78.70192,2022-08-10 17:00:00,debris_flow,90.27,132.94,1.0,36.33
VIL_UTK_04,31.02862,78.70281,2019-08-14 15:00:00,debris_flow,88.72,117.11,1.0,36.33
VIL_UTK_05,31.00088,78.68876,2023-08-10 20:00:00,debris_flow,143.95,270.65,1.0,37.35
VIL_UTK_05,30.9997,78.68626,2020-07-29 21:00:00,debris_flow,131.96,277.78,1.0,37.35
VIL_UTK_05,30.99737,78.68355,2023-08-21 21:00:00,debris_flow,136.23,211.89,1.0,37.35
VIL_UTK_05,30.99586,78.68694,2022-07-23 21:00:00,debris_flow,136.26,209.3,1.0,37.35
VIL_UTK_05,31.00274,78.68549,2019-07-09 18:00:00,debris_flow,122.01,222.55,1.0,37.35
VIL_UTK_05,30.99914,78.68099,2020-07-22 19:00:00,debris_flow,122.58,220.53,1.0,37.35
VIL_UTK_05,30.99478,78.68357,2021-08-19 20:00:00,debris_flow,138.06,182.86,1.0,37.35
VIL_UTK_05,30.9944,78.68263,2021-08-05 20:00:00,debris_flow,114.61,186.0,1.0,37.35
VIL_UTK_05,31.0029,78.68215,2020-07-15 12:00:00,debris_flow,116.93,172.33,1.0,37.35
VIL_UTK_05,31.00157,78.68495,2023-07-06 15:00:00,debris_flow,111.19,170.97,1.0,37.35
VIL_UTK_05,31.00181,78.68386,2019-08-05 02:00:00,debris_flow,82.39,209.15,1.0,37.35
VIL_UTK_05,30.99552,78.68527,2021-07-10 21:00:00,debris_flow,72.64,217.32,1.0,37.35
VIL_UTK_05,30.99792,78.68899,2023-07-17 12:00:00,debris_flow,74.86,198.79,1.0,37.35
VIL_UTK_05,30.99918,78.68004,2019-07-30 20:00:00,debris_flow,76.97,191.43,1.0,37.35
VIL_UTK_05,30.99375,78.68605,2022-07-28 14:00:00,debris_flow,80.81,179.15,1.0,37.35
VIL_UTK_06,30.91172,78.64569,2021-08-15 16:00:00,debris_flow,146.34,257.67,1.0,30.17
VIL_UTK_06,30.9089,78.6429,2022-07-11 17:00:00,debris_flow,150.27,236.13,1.0,30.17
VIL_UTK_06,30.90913,78.64735,2020-07-19 19:00:00,debris_flow,137.16,251.93,1.0,30.17
VIL_UTK_06,30.90594,78.63345,2022-08-06 02:00:00,debris_flow,123.69,277.48,1.0,30.17
VIL_UTK_06,30.91245,78.64267,2019-08-01 21:00:00,debris_flow,137.78,228.52,1.0,30.17
VIL_UTK_06,30.90891,78.64457,2020-07-26 16:00:00,debris_flow,144.65,214.16,1.0,30.17
VIL_UTK_06,30.906,78.64127,2023-07-14 20:00:00,debris_flow,136.44,217.17,1.0,30.17
VIL_UTK_06,30.90797,78.63924,2022-07-27 20:00:00,debris_flow,134.65,213.26,1.0,30.17
VIL_UTK_06,30.90808,78.64087,2019-07-28 13:00:00,debris_flow,126.28,214.16,1.0,30.17
VIL_UTK_06,30.9089,78.63896,2021-07-19 17:00:00,debris_flow,133.53,187.33,1.0,30.17
VIL_UTK_06,30.90959,78.64268,2019-08-06 16:00:00,debris_flow,121.84,192.64,1.0,30.17
VIL_UTK_06,30.90411,78.64567,2022-08-11 02:00:00,debris_flow,102.27,223.13,1.0,30.17
VIL_UTK_06,30.90979,78.6377,2019-07-21 06:00:00,debris_flow,63.62,287.89,1.0,30.17
VIL_UTK_06,30.90439,78.64603,2023-07-30 14:00:00,shallow_translational,58.93,288.08,1.0,30.17
VIL_UTK_06,30.90631,78.64065,2021-07-16 15:00:00,debris_flow,68.18,261.32,1.0,30.17
VIL_UTK_07,30.81157,78.61795,2021-07-29 00:00:00,debris_flow,114.22,386.96,1.0,30.4
VIL_UTK_07,30.81466,78.62234,2023-07-25 21:00:00,debris_flow,134.55,246.23,1.0,30.4
VIL_UTK_07,30.81464,78.61799,2020-08-11 17:00:00,debris_flow,136.74,191.57,1.0,30.4
VIL_UTK_07,30.81261,78.62023,2019-07-05 18:00:00,debris_flow,136.6,191.83,1.0,30.4
VIL_UTK_07,30.81309,78.62047,2020-08-04 17:00:00,debris_flow,130.21,202.57,1.0,30.4
VIL_UTK_07,30.8114,78.6209,2019-07-24 17:00:00,debris_flow,113.35,233.78,1.0,30.4
VIL_UTK_07,30.80974,78.62115,2021-08-09 18:00:00,debris_flow,126.07,197.35,1.0,30.4
VIL_UTK_07,30.81294,78.61442,2022-08-04 16:00:00,debris_flow,141.9,163.95,1.0,30.4
VIL_UTK_07,30.81434,78.61521,2019-07-14 18:00:00,debris_flow,123.77,192.81,1.0,30.4
VIL_UTK_07,30.81345,78.62371,2021-07-23 20:00:00,debris_flow,74.92,266.73,1.0,30.4
VIL_UTK_07,30.8177,78.61634,2023-07-19 09:00:00,debris_flow,88.22,181.13,1.0,30.4
VIL_UTK_07,30.8153,78.61714,2020-07-21 14:00:00,debris_flow,66.77,220.74,1.0,30.4
VIL_UTK_07,30.81199,78.61488,2021-08-14 18:00:00,debris_flow,89.98,173.16,1.0,30.4
VIL_UTK_07,30.81355,78.62078,2022-07-31 15:00:00,debris_flow,65.24,218.0,1.0,30.4
VIL_UTK_08,30.76107,78.52948,2021-07-23 16:00:00,debris_flow,146.1,273.56,1.0,27.82
VIL_UTK_08,30.76023,78.53563,2021-07-18 16:00:00,debris_flow,140.52,271.62,0.9783999919891357,27.82
VIL_UTK_08,30.75864,78.53782,2020-08-19 18:00:00,debris_flow,149.33,235.15,1.0,27.82
VIL_UTK_08,30.75333,78.5385,2022-08-01 19:00:00,debris_flow,139.25,248.95,1.0,27.82
VIL_UTK_08,30.76151,78.53374,2019-07-26 17:00:00,debris_flow,133.33,258.38,1.0,27.82
VIL_UTK_08,30.75563,78.53418,2020-08-01 11:00:00,debris_flow,98.11,297.69,1.0,27.82
VIL_UTK_08,30.7629,78.52731,2023-08-03 18:00:00,debris_flow,129.36,187.81,1.0,27.82
VIL_UTK_08,30.76218,78.53077,2021-07-27 05:00:00,debris_flow,86.83,268.06,1.0,27.82
VIL_UTK_08,30.76316,78.53137,2019-07-19 22:00:00,debris_flow,79.82,257.22,0.9793999791145325,27.82
VIL_UTK_08,30.76757,78.53323,2021-07-14 15:00:00,debris_flow,106.56,198.11,1.0,27.82
VIL_UTK_08,30.76322,78.53726,2019-07-11 16:00:00,debris_flow,116.34,162.87,1.0,27.82
VIL_UTK_08,30.75801,78.53432,2023-07-21 07:00:00,shallow_translational,56.7,261.5,1.0,27.82
VIL_UTK_08,30.75999,78.53186,2020-07-11 01:00:00,debris_flow,84.11,194.97,1.0,27.82
VIL_UTK_08,30.76585,78.53286,2019-08-10 13:00:00,debris_flow,90.5,167.37,1.0,27.82
VIL_UTK_09,30.75457,78.49931,2023-08-01 15:00:00,debris_flow,91.49,357.65,1.0,25.4
VIL_UTK_09,30.74915,78.4985,2020-07-07 16:00:00,debris_flow,139.86,228.78,1.0,25.4
VIL_UTK_09,30.75342,78.49584,2019-08-05 17:00:00,debris_flow,142.22,223.17,1.0,25.4
VIL_UTK_09,30.75364,78.49781,2020-07-21 16:00:00,debris_flow,130.19,226.49,1.0,25.4
VIL_UTK_09,30.75067,78.50249,2023-08-05 19:00:00,debris_flow,138.6,205.03,1.0,25.4
VIL_UTK_09,30.75091,78.49905,2021-08-14 21:00:00,debris_flow,146.3,186.09,1.0,25.4
VIL_UTK_09,30.75049,78.49359,2021-07-18 17:00:00,debris_flow,127.19,204.18,1.0,25.4
VIL_UTK_09,30.75251,78.50016,2023-07-24 10:00:00,debris_flow,101.07,230.71,1.0,25.4
VIL_UTK_09,30.75318,78.49636,2022-07-25 21:00:00,debris_flow,124.28,171.39,1.0,25.4
VIL_UTK_09,30.75144,78.49818,2023-07-26 22:00:00,debris_flow,96.17,194.49,1.0,25.4
VIL_UTK_09,30.75488,78.50506,2023-07-09 16:00:00,debris_flow,95.22,180.97,1.0,25.4
VIL_UTK_09,30.75104,78.49773,2022-07-20 19:00:00,debris_flow,63.65,242.62,1.0,25.4
VIL_UTK_09,30.75143,78.50026,2020-07-24 08:00:00,debris_flow,75.04,215.84,1.0,25.4
VIL_UTK_09,30.74809,78.50112,2021-07-27 12:00:00,debris_flow,76.86,211.13,1.0,25.4
VIL_UTK_10,30.72792,78.43425,2019-07-20 20:00:00,debris_flow,149.39,255.61,1.0,22.87
VIL_UTK_10,30.7275,78.43936,2019-07-30 20:00:00,debris_flow,129.74,230.2,1.0,22.87
VIL_UTK_10,30.72525,78.4371,2020-07-27 17:00:00,debris_flow,140.95,205.63,1.0,22.87
VIL_UTK_10,30.72682,78.43735,2020-08-06 17:00:00,debris_flow,147.8,187.41,1.0,22.87
VIL_UTK_10,30.73105,78.43716,2023-07-15 17:00:00,debris_flow,127.27,210.43,1.0,22.87
VIL_UTK_10,30.72683,78.43387,2023-08-12 18:00:00,debris_flow,131.45,192.43,1.0,22.87
VIL_UTK_10,30.72532,78.43464,2022-07-06 16:00:00,debris_flow,124.71,159.55,1.0,22.87
VIL_UTK_10,30.72367,78.4373,2021-08-13 21:00:00,debris_flow,121.39,160.84,1.0,22.87
VIL_UTK_10,30.72547,78.43855,2021-07-11 08:00:00,debris_flow,81.96,225.51,1.0,22.87
VIL_UTK_10,30.72088,78.43445,2019-07-16 09:00:00,debris_flow,93.78,198.08,1.0,22.87
VIL_UTK_10,30.72736,78.43571,2019-07-23 19:00:00,debris_flow,101.06,178.79,1.0,22.87
VIL_UTK_10,30.72454,78.43672,2023-07-22 14:00:00,debris_flow,75.47,219.79,1.0,22.87
VIL_UTK_10,30.72194,78.43671,2020-07-25 02:00:00,shallow_translational,59.13,247.75,1.0,22.87
VIL_UTK_10,30.72078,78.43326,2022-07-16 09:00:00,debris_flow,88.77,184.7,1.0,22.87
VIL_UTK_11,30.72043,78.44546,2021-07-18 18:00:00,debris_flow,141.53,240.6,1.0,23.01
VIL_UTK_11,30.71652,78.44431,2020-07-21 20:00:00,debris_flow,132.65,238.46,1.0,23.01
VIL_UTK_11,30.72391,78.43633,2019-08-02 16:00:00,debris_flow,149.21,202.54,1.0,23.01
VIL_UTK_11,30.71533,78.4399,2023-08-01 20:00:00,debris_flow,143.18,213.51,1.0,23.01
VIL_UTK_11,30.71714,78.44324,2022-08-09 19:00:00,debris_flow,129.76,232.56,1.0,23.01
VIL_UTK_11,30.71844,78.44329,2021-07-29 00:00:00,debris_flow,124.44,230.32,1.0,23.01
VIL_UTK_11,30.71979,78.43636,2023-08-14 20:00:00,debris_flow,131.5,194.4,1.0,23.01
VIL_UTK_11,30.72214,78.44451,2020-07-18 21:00:00,debris_flow,144.9,159.54,1.0,23.01
VIL_UTK_11,30.71788,78.44853,2019-08-21 21:00:00,debris_flow,138.91,171.2,1.0,23.01
VIL_UTK_11,30.71886,78.43814,2022-07-29 23:00:00,debris_flow,97.21,199.76,1.0,23.01
VIL_UTK_11,30.72101,78.44655,2020-07-16 20:00:00,debris_flow,69.7,235.48,1.0,23.01
VIL_UTK_11,30.71889,78.44399,2019-08-07 18:00:00,shallow_translational,51.19,249.34,1.0,23.01
VIL_UTK_11,30.72022,78.44189,2019-07-18 19:00:00,shallow_translational,49.64,245.6,1.0,23.01
VIL_UTK_11,30.71929,78.44133,2023-07-24 22:00:00,debris_flow,82.08,167.41,1.0,23.01
VIL_UTK_16,30.78565,78.14195,2021-08-13 20:00:00,debris_flow,131.29,266.32,1.0,24.82
VIL_UTK_16,30.78625,78.14352,2020-08-18 20:00:00,debris_flow,139.73,220.9,1.0,24.82
VIL_UTK_16,30.77985,78.14393,2023-08-05 21:00:00,debris_flow,127.41,235.97,1.0,24.82
VIL_UTK_16,30.79175,78.141,2019-08-05 16:00:00,debris_flow,130.16,201.09,1.0,24.82
VIL_UTK_16,30.78428,78.14335,2019-08-02 17:00:00,debris_flow,130.06,187.92,1.0,24.82
VIL_UTK_16,30.78817,78.14353,2022-07-30 23:00:00,debris_flow,126.3,183.21,1.0,24.82
VIL_UTK_16,30.78778,78.14272,2022-08-13 19:00:00,debris_flow,124.45,138.0,1.0,24.82
VIL_UTK_16,30.78715,78.14246,2019-07-24 08:00:00,debris_flow,94.0,194.78,0.9799000024795532,24.82
VIL_UTK_16,30.79124,78.14421,2020-08-14 14:00:00,debris_flow,105.79,161.42,0.9785000085830688,24.82
VIL_UTK_16,30.77932,78.14182,2019-07-27 13:00:00,debris_flow,81.08,202.51,1.0,24.82
VIL_UTK_16,30.78553,78.14045,2020-07-07 20:00:00,debris_flow,66.71,209.63,1.0,24.82
VIL_UTK_16,30.78671,78.13547,2021-07-22 10:00:00,debris_flow,60.78,212.83,1.0,24.82
VIL_UTK_16,30.78762,78.13863,2021-07-17 23:00:00,debris_flow,80.05,171.93,1.0,24.82
VIL_UTK_16,30.78426,78.1444,2020-07-19 11:00:00,debris_flow,70.95,185.24,1.0,24.82
VIL_UTK_17,30.88334,78.07557,2022-07-24 21:00:00,debris_flow,141.91,260.9,1.0,28.59
VIL_UTK_17,30.87956,78.07677,2021-07-11 16:00:00,debris_flow,134.52,262.1,1.0,28.59
VIL_UTK_17,30.88172,78.08596,2020-07-08 16:00:00,debris_flow,142.44,231.69,1.0,28.59
VIL_UTK_17,30.88574,78.08769,2019-08-01 20:00:00,debris_flow,142.37,223.1,1.0,28.59
VIL_UTK_17,30.87917,78.0834,2019-08-03 20:00:00,debris_flow,128.32,231.55,1.0,28.59
VIL_UTK_17,30.88644,78.08286,2023-07-07 17:00:00,debris_flow,128.98,229.24,1.0,28.59
VIL_UTK_17,30.8833,78.0847,2023-07-17 14:00:00,debris_flow,109.96,241.33,1.0,28.59
VIL_UTK_17,30.88451,78.08328,2023-08-22 21:00:00,debris_flow,139.59,177.32,1.0,28.59
VIL_UTK_17,30.88263,78.08656,2021-07-17 14:00:00,debris_flow,80.49,221.77,1.0,28.59
VIL_UTK_17,30.8817,78.08006,2019-07-13 18:00:00,debris_flow,89.91,175.16,1.0,28.59
VIL_UTK_17,30.88187,78.07774,2022-07-12 11:00:00,debris_flow,79.21,195.79,1.0,28.59
VIL_UTK_17,30.88274,78.08117,2021-07-24 16:00:00,shallow_translational,58.61,234.54,1.0,28.59
VIL_UTK_17,30.88425,78.08188,2020-07-18 14:00:00,debris_flow,70.25,191.33,1.0,28.59
VIL_UTK_17,30.88319,78.07856,2020-08-08 23:00:00,debris_flow,76.02,177.65,1.0,28.59
VIL_UTK_18,31.02333,78.04377,2021-07-23 19:00:00,debris_flow,139.9,271.19,1.0,23.7
VIL_UTK_18,31.01143,78.04342,2022-07-14 16:00:00,debris_flow,148.04,240.47,1.0,23.7
VIL_UTK_18,31.01537,78.03514,2023-08-05 21:00:00,debris_flow,149.09,229.32,1.0,23.7
VIL_UTK_18,31.01479,78.03622,2020-08-10 19:00:00,debris_flow,141.16,229.29,1.0,23.7
VIL_UTK_18,31.01489,78.04042,2019-08-19 18:00:00,debris_flow,137.53,178.01,1.0,23.7
VIL_UTK_18,31.02196,78.04412,2021-07-05 17:00:00,debris_flow,104.37,208.51,1.0,23.7
VIL_UTK_18,31.01935,78.04714,2022-07-31 11:00:00,debris_flow,80.61,254.34,1.0,23.7
VIL_UTK_18,31.02,78.04055,2022-07-28 20:00:00,debris_flow,94.59,195.7,1.0,23.7
VIL_UTK_18,31.01843,78.03925,2023-07-18 14:00:00,debris_flow,88.99,190.0,1.0,23.7
VIL_UTK_18,31.01393,78.04049,2021-08-01 17:00:00,debris_flow,97.66,154.41,1.0,23.7
VIL_UTK_18,31.02045,78.04329,2022-07-18 14:00:00,debris_flow,71.2,205.95,1.0,23.7
VIL_UTK_18,31.01955,78.04005,2020-08-02 12:00:00,debris_flow,77.06,188.82,1.0,23.7
VIL_UTK_18,31.01424,78.03786,2019-07-25 17:00:00,debris_flow,96.57,146.09,1.0,23.7
VIL_UTK_18,31.01891,78.04239,2021-07-18 18:00:00,debris_flow,95.55,142.99,1.0,23.7
VIL_UTK_19,31.04727,78.11364,2021-08-16 17:00:00,debris_flow,147.87,266.93,1.0,27.8
VIL_UTK_19,31.04821,78.11893,2022-07-21 14:00:00,debris_flow,126.45,291.42,1.0,27.8
VIL_UTK_19,31.05063,78.11686,2022-07-13 18:00:00,debris_flow,146.94,215.63,1.0,27.8
VIL_UTK_19,31.04071,78.12005,2023-07-28 21:00:00,debris_flow,133.02,209.72,1.0,27.8
VIL_UTK_19,31.04521,78.12265,2023-07-23 20:00:00,debris_flow,133.75,192.83,1.0,27.8
VIL_UTK_19,31.04542,78.11975,2020-07-21 06:00:00,debris_flow,107.02,238.91,1.0,27.8
VIL_UTK_19,31.05206,78.11969,2019-07-09 16:00:00,debris_flow,142.29,152.01,1.0,27.8
VIL_UTK_19,31.0481,78.11464,2022-07-29 22:00:00,debris_flow,103.93,186.49,1.0,27.8
VIL_UTK_19,31.04958,78.12149,2023-07-21 18:00:00,debris_flow,76.51,232.53,1.0,27.8
VIL_UTK_19,31.04714,78.12233,2020-07-14 19:00:00,debris_flow,121.48,128.76,1.0,27.8
VIL_UTK_19,31.04543,78.12173,2023-07-19 05:00:00,debris_flow,86.04,196.11,1.0,27.8
VIL_UTK_19,31.05123,78.11658,2021-07-04 16:00:00,debris_flow,102.37,157.53,1.0,27.8
VIL_UTK_19,31.05079,78.11593,2021-07-21 08:00:00,debris_flow,88.26,182.54,1.0,27.8
VIL_UTK_19,31.04589,78.11466,2019-08-02 22:00:00,debris_flow,61.6,235.32,1.0,27.8
VIL_UTK_20,31.08023,78.18133,2021-07-21 21:00:00,debris_flow,134.76,256.94,1.0,27.6
VIL_UTK_20,31.07902,78.18077,2023-07-28 21:00:00,debris_flow,142.96,238.28,1.0,27.6
VIL_UTK_20,31.08118,78.18268,2019-08-01 20:00:00,debris_flow,142.3,213.62,1.0,27.6
VIL_UTK_20,31.07772,78.18564,2022-08-08 18:00:00,debris_flow,136.12,218.97,1.0,27.6
VIL_UTK_20,31.07995,78.18319,2019-08-10 12:00:00,debris_flow,105.72,268.24,1.0,27.6
VIL_UTK_20,31.07513,78.18263,2021-07-13 18:00:00,debris_flow,125.4,216.18,1.0,27.6
VIL_UTK_20,31.07949,78.18129,2020-08-14 17:00:00,debris_flow,122.11,191.14,1.0,27.6
VIL_UTK_20,31.07883,78.17874,2023-07-07 20:00:00,debris_flow,129.31,174.33,1.0,27.6
VIL_UTK_20,31.07749,78.17999,2022-07-07 18:00:00,debris_flow,125.65,173.72,1.0,27.6
VIL_UTK_20,31.08259,78.18106,2023-07-21 13:00:00,debris_flow,93.81,221.54,1.0,27.6
VIL_UTK_20,31.07993,78.18663,2019-07-09 06:00:00,debris_flow,104.15,199.38,1.0,27.6
VIL_UTK_20,31.07283,78.18139,2019-07-21 12:00:00,debris_flow,122.55,161.36,1.0,27.6
VIL_UTK_20,31.08244,78.18466,2022-07-17 22:00:00,debris_flow,91.02,219.11,1.0,27.6
VIL_UTK_20,31.07817,78.17794,2021-07-06 13:00:00,debris_flow,91.16,185.21,1.0,27.6
VIL_UTK_21,31.09343,78.25699,2023-08-07 20:00:00,debris_flow,130.0,313.37,1.0,33.61
VIL_UTK_21,31.09523,78.25688,2019-08-09 18:00:00,debris_flow,131.28,226.27,1.0,33.61
VIL_UTK_21,31.08869,78.25474,2022-07-25 19:00:00,debris_flow,129.85,203.1,1.0,33.61
VIL_UTK_21,31.09241,78.26005,2021-08-08 21:00:00,debris_flow,119.9,216.4,1.0,33.61
VIL_UTK_21,31.0948,78.2533,2020-08-15 19:00:00,debris_flow,133.33,170.52,1.0,33.61
VIL_UTK_21,31.09154,78.26161,2021-07-25 17:00:00,debris_flow,119.94,196.86,1.0,33.61
VIL_UTK_21,31.09153,78.25668,2021-07-19 20:00:00,debris_flow,115.13,182.91,1.0,33.61
VIL_UTK_21,31.09594,78.25599,2019-07-23 20:00:00,debris_flow,81.92,223.3,1.0,33.61
VIL_UTK_21,31.08916,78.25602,2021-07-27 22:00:00,debris_flow,87.43,190.93,1.0,33.61
VIL_UTK_21,31.09324,78.25953,2020-07-30 17:00:00,debris_flow,62.98,239.2,1.0,33.61
VIL_UTK_21,31.09205,78.26208,2023-07-24 14:00:00,debris_flow,93.34,163.56,1.0,33.61
VIL_UTK_21,31.08857,78.25914,2020-07-04 10:00:00,debris_flow,80.13,183.57,1.0,33.61
VIL_UTK_21,31.09212,78.2615,2023-07-01 21:00:00,debris_flow,95.99,138.64,0.9790999889373779,33.61
VIL_UTK_21,31.08959,78.25183,2023-07-21 13:00:00,shallow_translational,44.3,231.2,1.0,33.61
VIL_UTK_22,31.13211,78.35016,2019-07-24 18:00:00,debris_flow,153.49,275.32,1.0,40.61
VIL_UTK_22,31.13792,78.35611,2020-08-04 18:00:00,debris_flow,143.48,246.89,1.0,40.61
VIL_UTK_22,31.13764,78.3557,2023-08-09 16:00:00,debris_flow,143.72,228.63,1.0,40.61
VIL_UTK_22,31.13415,78.35332,2022-07-24 21:00:00,debris_flow,128.79,238.91,1.0,40.61
VIL_UTK_22,31.13427,78.35654,2023-07-21 20:00:00,debris_flow,136.49,202.88,1.0,40.61
VIL_UTK_22,31.13209,78.35376,2021-07-19 19:00:00,debris_flow,139.29,191.82,1.0,40.61
VIL_UTK_22,31.13664,78.35323,2022-08-05 20:00:00,debris_flow,142.14,178.74,1.0,40.61
VIL_UTK_22,31.13333,78.35344,2021-08-16 16:00:00,debris_flow,128.06,200.32,1.0,40.61
VIL_UTK_22,31.13554,78.35264,2020-07-07 16:00:00,debris_flow,129.85,182.72,1.0,40.61
VIL_UTK_22,31.13343,78.35317,2020-07-26 19:00:00,debris_flow,85.44,178.55,1.0,40.61
VIL_UTK_22,31.132,78.35533,2021-07-29 02:00:00,rockfall,51.22,206.29,0.9803000092506409,40.61
VIL_UTK_22,31.13798,78.35222,2021-08-08 16:00:00,debris_flow,73.34,159.92,1.0,40.61
VIL_UTK_22,31.13489,78.35488,2022-08-17 21:00:00,debris_flow,70.32,164.31,1.0,40.61
VIL_UTK_22,31.13313,78.35179,2022-07-07 02:00:00,debris_flow,78.16,144.93,1.0,40.61
VIL_UTK_23,31.11332,78.16565,2020-07-10 20:00:00,debris_flow,161.21,362.92,1.0,37.52
VIL_UTK_23,31.11331,78.16197,2022-07-27 17:00:00,debris_flow,140.7,271.45,1.0,37.52
VIL_UTK_23,31.11384,78.17055,2019-07-04 17:00:00,debris_flow,147.73,235.13,1.0,37.52
VIL_UTK_23,31.11051,78.16212,2019-08-12 17:00:00,debris_flow,133.02,224.84,1.0,37.52
VIL_UTK_23,31.11436,78.16609,2020-07-23 19:00:00,debris_flow,135.52,202.72,1.0,37.52
VIL_UTK_23,31.11115,78.16818,2021-07-16 16:00:00,debris_flow,134.46,202.04,1.0,37.52
VIL_UTK_23,31.11021,78.16537,2022-08-02 18:00:00,debris_flow,118.86,226.18,1.0,37.52
VIL_UTK_23,31.11175,78.16313,2023-08-22 17:00:00,debris_flow,138.97,172.24,1.0,37.52
VIL_UTK_23,31.11174,78.16581,2021-08-22 18:00:00,debris_flow,129.4,187.66,1.0,37.52
VIL_UTK_23,31.11417,78.16654,2023-07-08 19:00:00,debris_flow,109.13,219.2,1.0,37.52
VIL_UTK_23,31.11609,78.16507,2022-07-18 02:00:00,debris_flow,81.81,273.65,1.0,37.52
VIL_UTK_23,31.11229,78.17195,2023-07-29 22:00:00,debris_flow,101.03,221.5,1.0,37.52
VIL_UTK_23,31.11235,78.16412,2023-07-27 18:00:00,debris_flow,93.09,213.75,1.0,37.52
VIL_UTK_23,31.10796,78.16788,2019-08-03 15:00:00,debris_flow,73.78,249.66,1.0,37.52
VIL_UTK_24,30.73631,78.38193,2019-07-04 21:00:00,debris_flow,152.63,208.75,1.0,23.21
VIL_UTK_24,30.74784,78.37957,2021-08-08 21:00:00,debris_flow,132.33,244.73,1.0,23.21
VIL_UTK_24,30.74249,78.37267,2022-07-23 21:00:00,debris_flow,146.87,210.03,1.0,23.21
VIL_UTK_24,30.74226,78.37594,2023-07-31 18:00:00,debris_flow,126.67,241.51,1.0,23.21
VIL_UTK_24,30.7428,78.3762,2020-08-15 21:00:00,debris_flow,143.89,203.46,1.0,23.21
VIL_UTK_24,30.74547,78.3782,2020-07-30 21:00:00,debris_flow,135.35,219.64,1.0,23.21
VIL_UTK_24,30.74255,78.37171,2021-07-10 17:00:00,debris_flow,130.68,193.57,1.0,23.21
VIL_UTK_24,30.73823,78.37229,2019-07-20 01:00:00,debris_flow,101.06,240.4,1.0,23.21
VIL_UTK_24,30.74047,78.37728,2023-08-08 19:00:00,debris_flow,129.37,174.76,1.0,23.21
VIL_UTK_24,30.73967,78.37284,2019-08-16 19:00:00,debris_flow,135.04,163.12,1.0,23.21
VIL_UTK_24,30.73894,78.37752,2020-07-08 12:00:00,debris_flow,90.89,214.85,1.0,23.21
VIL_UTK_24,30.74808,78.37343,2022-08-12 11:00:00,debris_flow,76.47,240.68,1.0,23.21
VIL_UTK_24,30.74131,78.37336,2021-07-16 03:00:00,debris_flow,66.78,229.71,1.0,23.21
VIL_UTK_24,30.7456,78.37949,2022-08-05 09:00:00,debris_flow,92.63,173.7,1.0,23.21
VIL_UTK_25,30.68572,78.42032,2022-07-11 16:00:00,debris_flow,146.76,239.32,1.0,22.42
VIL_UTK_25,30.68456,78.41853,2020-07-02 16:00:00,debris_flow,144.93,217.73,1.0,22.42
VIL_UTK_25,30.68679,78.41757,2021-07-15 17:00:00,debris_flow,132.78,241.62,1.0,22.42
VIL_UTK_25,30.68218,78.41923,2019-08-01 17:00:00,debris_flow,134.59,236.37,1.0,22.42
VIL_UTK_25,30.68224,78.417,2023-08-01 18:00:00,debris_flow,141.5,215.69,1.0,22.42
VIL_UTK_25,30.67576,78.42006,2023-07-19 16:00:00,debris_flow,138.8,218.12,1.0,22.42
VIL_UTK_25,30.68234,78.42693,2022-08-09 20:00:00,debris_flow,136.06,218.11,1.0,22.42
VIL_UTK_25,30.68241,78.41925,2019-08-10 19:00:00,debris_flow,135.53,213.68,1.0,22.42
VIL_UTK_25,30.67935,78.42386,2019-07-25 05:00:00,debris_flow,111.77,251.34,1.0,22.42
VIL_UTK_25,30.67952,78.42183,2020-08-21 17:00:00,debris_flow,129.45,167.7,1.0,22.42
VIL_UTK_25,30.68082,78.42584,2021-07-30 11:00:00,debris_flow,92.2,223.59,1.0,22.42
VIL_UTK_25,30.68517,78.42075,2020-07-16 19:00:00,debris_flow,96.21,203.53,1.0,22.42
VIL_UTK_25,30.68192,78.42079,2023-07-08 22:00:00,debris_flow,103.48,187.79,1.0,22.42
VIL_UTK_25,30.68414,78.41961,2022-08-02 15:00:00,debris_flow,71.06,236.46,1.0,22.42
